Model,Actual Revenue,Predicted Revenue
Gradient Boosting Regressor,177.0,211.49389850129575
Gradient Boosting Regressor,130.0,86.6238398300462
Gradient Boosting Regressor,127.49,95.66154112819392
Gradient Boosting Regressor,13.3,20.877986595359104
Gradient Boosting Regressor,130.13,108.8071066993437
Gradient Boosting Regressor,75.59,57.54755525856715
Gradient Boosting Regressor,36.84,7.553311858206685
Gradient Boosting Regressor,55.47,22.122045401263758
Gradient Boosting Regressor,93.57,62.31531648636455
Gradient Boosting Regressor,64.15,56.11580260446643
Gradient Boosting Regressor,15.29,39.39003076829324
Gradient Boosting Regressor,52.42,55.89522489135411
Gradient Boosting Regressor,189.41,165.10635415483492
Gradient Boosting Regressor,161.03,49.88785642470275
Gradient Boosting Regressor,30.35,19.290707280970945
Gradient Boosting Regressor,1.82,7.150055126521218
Gradient Boosting Regressor,17.74,53.31597936626146
Gradient Boosting Regressor,11.28,23.28061989977213
Gradient Boosting Regressor,179.02,101.76286192747082
Gradient Boosting Regressor,13.65,106.25341451242271
Gradient Boosting Regressor,128.34,166.5100017522835
Gradient Boosting Regressor,258.36,191.42931391799334
Gradient Boosting Regressor,16.97,21.164985980881816
Gradient Boosting Regressor,76.2,5.801620461681583
Gradient Boosting Regressor,309.4,253.46029342811318
Gradient Boosting Regressor,0.54,12.652191578920707
Gradient Boosting Regressor,6.5,10.362560344548461
Gradient Boosting Regressor,363.02,252.61141186358034
Gradient Boosting Regressor,43.98,29.075076964265428
Gradient Boosting Regressor,623.28,267.7580355981227
Gradient Boosting Regressor,7.69,34.67338838367992
Gradient Boosting Regressor,30.0,47.63895673803121
Gradient Boosting Regressor,3.85,3.6680725173420106
Gradient Boosting Regressor,117.14,62.36127652648145
Gradient Boosting Regressor,41.78,50.545894327949185
Gradient Boosting Regressor,304.36,169.61197581843408
Gradient Boosting Regressor,27.3,68.93208192438073
Gradient Boosting Regressor,652.18,185.3930283565023
Gradient Boosting Regressor,33.05,79.25051956483117
Gradient Boosting Regressor,3.9,2.1817663471406834
Gradient Boosting Regressor,1.36,3.5930048520929327
Gradient Boosting Regressor,0.28,0.19769627535762477
Gradient Boosting Regressor,28.64,30.24606694179275
Gradient Boosting Regressor,5.88,25.22215406208747
Gradient Boosting Regressor,150.32,47.295510242888696
Gradient Boosting Regressor,3.08,13.007054981502536
Gradient Boosting Regressor,5.77,19.669882023506744
Gradient Boosting Regressor,176.59,62.17016144046774
Gradient Boosting Regressor,2.34,64.16706689914032
Gradient Boosting Regressor,46.88,92.40476388427733
Gradient Boosting Regressor,148.21,61.42994761324228
Gradient Boosting Regressor,0.34,2.3468521780174325
Gradient Boosting Regressor,317.01,343.1854355905929
Gradient Boosting Regressor,1.66,6.276233459889893
Gradient Boosting Regressor,77.21,72.02011064926192
Gradient Boosting Regressor,26.38,16.382551201952893
Gradient Boosting Regressor,0.25,7.657382914904021
Gradient Boosting Regressor,56.44,25.555975696457036
Gradient Boosting Regressor,18.71,3.8901999831025167
Gradient Boosting Regressor,13.09,27.129731650504933
Gradient Boosting Regressor,26.9,117.79040769202913
Gradient Boosting Regressor,36.25,96.5102596346995
Gradient Boosting Regressor,87.03,26.516298309727638
Gradient Boosting Regressor,4.21,0.28410487742451246
Gradient Boosting Regressor,2.7,14.138281768420695
Gradient Boosting Regressor,31.14,66.89244205588935
Gradient Boosting Regressor,101.16,108.43492923701888
Gradient Boosting Regressor,0.86,0.48084396347746733
Gradient Boosting Regressor,65.17,108.35670208136318
Gradient Boosting Regressor,251.5,185.81102931154496
Gradient Boosting Regressor,52.69,6.547277296779687
Gradient Boosting Regressor,16.2,69.42818420115522
Gradient Boosting Regressor,85.71,163.53994889549182
Gradient Boosting Regressor,46.98,102.84912301504332
Gradient Boosting Regressor,4.42,3.4001101519081764
Gradient Boosting Regressor,408.0,189.81071922170327
Gradient Boosting Regressor,14.67,20.90056772602147
Gradient Boosting Regressor,46.01,21.40811309088704
Gradient Boosting Regressor,8.09,20.089052969772226
Gradient Boosting Regressor,31.06,19.07036620392118
Gradient Boosting Regressor,1.21,7.164399697525395
Gradient Boosting Regressor,15.52,40.48690834243526
Gradient Boosting Regressor,58.23,72.21423160608518
Gradient Boosting Regressor,4.71,4.213479849835323
Gradient Boosting Regressor,0.22,2.203730982231132
Gradient Boosting Regressor,190.87,70.96433946392443
Gradient Boosting Regressor,202.35,150.23480882326712
Gradient Boosting Regressor,24.34,14.955619623532051
Gradient Boosting Regressor,7.7,7.197972528872713
Gradient Boosting Regressor,155.02,88.14218953397447
Gradient Boosting Regressor,24.85,23.914714688324594
Gradient Boosting Regressor,47.38,111.24019718210162
Gradient Boosting Regressor,17.36,4.175814872381561
Gradient Boosting Regressor,46.0,57.72637346893064
Gradient Boosting Regressor,25.98,16.52932676718229
Gradient Boosting Regressor,73.82,80.75382359768261
Gradient Boosting Regressor,47.31,30.004158824492247
Gradient Boosting Regressor,60.13,55.207098081640126
Gradient Boosting Regressor,126.98,49.116753789988934
Gradient Boosting Regressor,3.73,12.339611547510534
Gradient Boosting Regressor,300.52,90.97809406622065
Gradient Boosting Regressor,21.0,36.515069513159204
Gradient Boosting Regressor,39.29,74.03636011351053
Gradient Boosting Regressor,341.26,342.08399782815553
Gradient Boosting Regressor,47.95,33.05434676777352
Gradient Boosting Regressor,19.06,25.617587793447353
Gradient Boosting Regressor,1.2,4.25206329759989
Gradient Boosting Regressor,760.51,190.30366898979491
Gradient Boosting Regressor,0.58,3.5637941482226463
Gradient Boosting Regressor,33.63,8.521460627647395
Gradient Boosting Regressor,17.47,10.892603702839878
Gradient Boosting Regressor,72.66,8.908486917957292
Gradient Boosting Regressor,0.64,4.953134279349342
Gradient Boosting Regressor,131.56,11.136077364955396
Gradient Boosting Regressor,67.52,46.96378156094209
Gradient Boosting Regressor,159.58,34.277066581070244
Gradient Boosting Regressor,107.1,92.8885766321532
Gradient Boosting Regressor,64.51,86.59672844240674
Gradient Boosting Regressor,40.25,40.44819377005043
Gradient Boosting Regressor,89.21,29.41061537898556
Gradient Boosting Regressor,195.0,149.5324948246669
Gradient Boosting Regressor,152.64,67.2426335915208
Gradient Boosting Regressor,0.54,42.56381801407157
Gradient Boosting Regressor,16.68,17.15926050157084
Gradient Boosting Regressor,87.34,90.55388685892301
Gradient Boosting Regressor,36.77,48.18561219056539
Gradient Boosting Regressor,10.14,19.592027371285564
Gradient Boosting Regressor,6.92,7.523671567526561
Gradient Boosting Regressor,2.2,5.887676067783079
Gradient Boosting Regressor,136.02,74.01366706513518
Gradient Boosting Regressor,187.99,183.71723649835695
Gradient Boosting Regressor,26.84,25.819362503101278
Gradient Boosting Regressor,42.34,123.17060849777606
Gradient Boosting Regressor,62.4,68.86566120889364
Gradient Boosting Regressor,59.89,56.310088646959606
Gradient Boosting Regressor,150.17,74.80154004632372
Gradient Boosting Regressor,150.83,139.26765025727167
Gradient Boosting Regressor,10.38,4.2583787814526115
Gradient Boosting Regressor,0.79,2.224543641062825
Gradient Boosting Regressor,47.17,98.2407426086092
Gradient Boosting Regressor,134.52,155.40855268916278
Gradient Boosting Regressor,54.24,45.41453845842106
Gradient Boosting Regressor,0.01,14.143556430100176
Gradient Boosting Regressor,9.24,9.073578973685144
Gradient Boosting Regressor,5.69,42.89264887965356
Gradient Boosting Regressor,31.99,20.626132666323304
Gradient Boosting Regressor,45.13,29.26763676208377
Gradient Boosting Regressor,75.31,54.07508251896269
Gradient Boosting Regressor,39.0,20.509470552406434
Gradient Boosting Regressor,80.17,90.53280315338031
Gradient Boosting Regressor,0.07,14.052681476709663
Gradient Boosting Regressor,126.59,104.3189953173525
Gradient Boosting Regressor,36.06,75.79438368433499
Gradient Boosting Regressor,95.33,17.437988440389848
Gradient Boosting Regressor,89.29,81.95131871290297
Gradient Boosting Regressor,43.77,16.305690833351463
Gradient Boosting Regressor,113.08,20.59830610265484
Gradient Boosting Regressor,43.02,36.897085339024144
Gradient Boosting Regressor,169.27,20.75124342745956
Gradient Boosting Regressor,89.73,104.50067327584198
Gradient Boosting Regressor,95.72,32.86001538907869
Gradient Boosting Regressor,10.33,34.38409013520823
Gradient Boosting Regressor,97.03,97.730107875629
Gradient Boosting Regressor,128.0,47.52828360084744
Gradient Boosting Regressor,11.23,2.3034568640192337
Gradient Boosting Regressor,3.22,1.4507432009164174
Gradient Boosting Regressor,155.33,172.73327425676936
Gradient Boosting Regressor,18.7,5.283650106934131
Gradient Boosting Regressor,28.75,83.77029614792959
Gradient Boosting Regressor,65.07,17.235142009473133
Gradient Boosting Regressor,13.96,8.086214924269694
Gradient Boosting Regressor,83.3,33.148231139223626
Gradient Boosting Regressor,60.96,87.6928082424944
Gradient Boosting Regressor,53.36,34.108134079962454
Gradient Boosting Regressor,402.08,326.7720945805731
